column,role,dtype
No,candidate_feature,int64
year,split_metadata,int32
month,candidate_feature,int64
day,candidate_feature,int64
hour,candidate_feature,int64
pm2.5,candidate_feature,float64
DEWP,candidate_feature,int64
TEMP,candidate_feature,float64
PRES,candidate_feature,float64
cbwd,candidate_feature,object
Iws,candidate_feature,float64
Is,candidate_feature,int64
Ir,candidate_feature,int64
pm2.5_lag_1h,candidate_feature,float64
pm2.5_lag_2h,candidate_feature,float64
pm2.5_lag_3h,candidate_feature,float64
pm2.5_lag_6h,candidate_feature,float64
pm2.5_lag_12h,candidate_feature,float64
pm2.5_lag_24h,candidate_feature,float64
pm2.5_lag_48h,candidate_feature,float64
pm2.5_lag_72h,candidate_feature,float64
pm2.5_rolling_mean_3h,candidate_feature,float64
pm2.5_rolling_mean_6h,candidate_feature,float64
pm2.5_rolling_mean_12h,candidate_feature,float64
pm2.5_rolling_mean_24h,candidate_feature,float64
pm2.5_rolling_std_24h,candidate_feature,float64
pm2.5_rolling_max_24h,candidate_feature,float64
target_t1,target_or_target_timestamp,float64
target_t1_datetime,target_or_target_timestamp,datetime64[ns]
target_t24,target_or_target_timestamp,float64
target_t24_datetime,target_or_target_timestamp,datetime64[ns]
