Feature,Type
pm2.5,float64
DEWP,int64
TEMP,float64
PRES,float64
Iws,float64
Is,int64
Ir,int64
pm2.5_missing_flag,int64
pm2.5_clean,float64
wind_NE,int64
wind_NW,int64
wind_SE,int64
wind_cv,int64
pm2.5_lag_1h,float64
pm2.5_lag_2h,float64
pm2.5_lag_3h,float64
pm2.5_lag_6h,float64
pm2.5_lag_12h,float64
pm2.5_lag_24h,float64
pm2.5_lag_48h,float64
pm2.5_lag_72h,float64
pm2.5_rolling_mean_3h,float64
pm2.5_rolling_mean_6h,float64
pm2.5_rolling_mean_12h,float64
pm2.5_rolling_mean_24h,float64
pm2.5_rolling_std_24h,float64
pm2.5_rolling_max_24h,float64
target_t1,float64
target_t24,float64
