pm2.5,start,end,hours
41,2010-09-21 05:00:00,2010-09-27 15:00:00,155
287,2012-12-23 06:00:00,2012-12-28 12:00:00,127
163,2011-10-03 13:00:00,2011-10-07 15:00:00,99
61,2011-03-17 21:00:00,2011-03-21 15:00:00,91
43,2010-09-27 17:00:00,2010-09-30 20:00:00,76
185,2012-01-14 10:00:00,2012-01-17 11:00:00,74
259,2012-08-18 11:00:00,2012-08-21 12:00:00,74
27,2010-06-04 12:00:00,2010-06-07 11:00:00,72
35,2010-08-13 20:00:00,2010-08-16 15:00:00,68
3,2010-01-23 17:00:00,2010-01-26 11:00:00,67
137,2011-07-31 21:00:00,2011-08-03 11:00:00,63
47,2010-11-01 09:00:00,2010-11-03 14:00:00,54
79,2011-04-06 10:00:00,2011-04-08 13:00:00,52
53,2011-01-08 16:00:00,2011-01-10 15:00:00,48
245,2012-07-28 17:00:00,2012-07-30 12:00:00,44
251,2012-08-11 17:00:00,2012-08-13 10:00:00,42
201,2012-05-19 20:00:00,2012-05-21 11:00:00,40
29,2010-06-08 04:00:00,2010-06-09 16:00:00,37
143,2011-08-07 01:00:00,2011-08-08 05:00:00,29
127,2011-05-26 11:00:00,2011-05-27 15:00:00,29
1,2010-01-01 00:00:00,2010-01-01 23:00:00,24
33,2010-06-22 10:00:00,2010-06-23 09:00:00,24
51,2011-01-01 00:00:00,2011-01-01 23:00:00,24
155,2011-08-23 01:00:00,2011-08-23 23:00:00,23
141,2011-08-06 02:00:00,2011-08-06 23:00:00,22
147,2011-08-09 23:00:00,2011-08-10 20:00:00,22
277,2012-11-19 20:00:00,2012-11-20 15:00:00,20
173,2011-10-26 17:00:00,2011-10-27 11:00:00,19
25,2010-06-01 22:00:00,2010-06-02 16:00:00,19
357,2013-12-29 18:00:00,2013-12-30 10:00:00,17
13,2010-03-30 14:00:00,2010-03-31 06:00:00,17
37,2010-09-11 06:00:00,2010-09-11 21:00:00,16
321,2013-05-17 16:00:00,2013-05-18 07:00:00,16
111,2011-04-23 01:00:00,2011-04-23 14:00:00,14
95,2011-04-16 01:00:00,2011-04-16 14:00:00,14
417,2014-11-20 21:00:00,2014-11-21 08:00:00,12
91,2011-04-15 01:00:00,2011-04-15 12:00:00,12
425,2014-12-09 01:00:00,2014-12-09 11:00:00,11
105,2011-04-22 01:00:00,2011-04-22 10:00:00,10
119,2011-04-28 14:00:00,2011-04-28 23:00:00,10
83,2011-04-09 01:00:00,2011-04-09 10:00:00,10
387,2014-06-09 02:00:00,2014-06-09 10:00:00,9
157,2011-08-24 01:00:00,2011-08-24 09:00:00,9
399,2014-08-20 16:00:00,2014-08-21 00:00:00,9
427,2014-12-20 08:00:00,2014-12-20 16:00:00,9
89,2011-04-14 15:00:00,2011-04-14 23:00:00,9
101,2011-04-21 12:00:00,2011-04-21 20:00:00,9
203,2012-05-22 07:00:00,2012-05-22 14:00:00,8
15,2010-03-31 09:00:00,2010-03-31 16:00:00,8
67,2011-03-31 01:00:00,2011-03-31 08:00:00,8
81,2011-04-08 17:00:00,2011-04-08 23:00:00,7
11,2010-03-30 06:00:00,2010-03-30 12:00:00,7
109,2011-04-22 17:00:00,2011-04-22 23:00:00,7
121,2011-04-29 01:00:00,2011-04-29 07:00:00,7
93,2011-04-15 17:00:00,2011-04-15 23:00:00,7
55,2011-03-06 20:00:00,2011-03-07 02:00:00,7
171,2011-10-25 18:00:00,2011-10-25 23:00:00,6
329,2013-07-22 11:00:00,2013-07-22 16:00:00,6
187,2012-02-29 10:00:00,2012-02-29 15:00:00,6
211,2012-06-15 18:00:00,2012-06-15 23:00:00,6
133,2011-06-04 08:00:00,2011-06-04 12:00:00,5
39,2010-09-19 19:00:00,2010-09-19 23:00:00,5
393,2014-07-12 13:00:00,2014-07-12 17:00:00,5
21,2010-05-27 19:00:00,2010-05-27 23:00:00,5
359,2014-01-12 01:00:00,2014-01-12 05:00:00,5
423,2014-12-08 18:00:00,2014-12-08 22:00:00,5
339,2013-08-30 13:00:00,2013-08-30 16:00:00,4
345,2013-10-08 14:00:00,2013-10-08 17:00:00,4
65,2011-03-30 20:00:00,2011-03-30 23:00:00,4
77,2011-04-03 19:00:00,2011-04-03 22:00:00,4
69,2011-03-31 11:00:00,2011-03-31 14:00:00,4
135,2011-06-06 08:00:00,2011-06-06 10:00:00,3
267,2012-09-27 10:00:00,2012-09-27 12:00:00,3
45,2010-10-12 14:00:00,2010-10-12 15:00:00,2
151,2011-08-21 22:00:00,2011-08-21 23:00:00,2
337,2013-08-22 14:00:00,2013-08-22 15:00:00,2
279,2012-11-26 16:00:00,2012-11-26 17:00:00,2
49,2010-11-22 11:00:00,2010-11-22 12:00:00,2
71,2011-03-31 19:00:00,2011-03-31 20:00:00,2
103,2011-04-21 22:00:00,2011-04-21 23:00:00,2
149,2011-08-11 14:00:00,2011-08-11 15:00:00,2
153,2011-08-22 22:00:00,2011-08-22 23:00:00,2
19,2010-05-17 17:00:00,2010-05-17 18:00:00,2
7,2010-03-20 05:00:00,2010-03-20 06:00:00,2
17,2010-04-01 11:00:00,2010-04-01 12:00:00,2
31,2010-06-20 08:00:00,2010-06-20 09:00:00,2
347,2013-10-22 15:00:00,2013-10-22 16:00:00,2
325,2013-06-20 11:00:00,2013-06-20 12:00:00,2
397,2014-08-18 16:00:00,2014-08-18 17:00:00,2
373,2014-04-14 16:00:00,2014-04-14 17:00:00,2
391,2014-06-18 16:00:00,2014-06-18 17:00:00,2
353,2013-12-20 17:00:00,2013-12-20 18:00:00,2
341,2013-09-13 09:00:00,2013-09-13 10:00:00,2
361,2014-01-22 16:00:00,2014-01-22 17:00:00,2
395,2014-07-22 11:00:00,2014-07-22 12:00:00,2
419,2014-12-05 14:00:00,2014-12-05 15:00:00,2
375,2014-05-20 11:00:00,2014-05-20 12:00:00,2
255,2012-08-16 15:00:00,2012-08-16 16:00:00,2
205,2012-05-24 11:00:00,2012-05-24 12:00:00,2
235,2012-07-12 20:00:00,2012-07-12 21:00:00,2
179,2011-11-16 11:00:00,2011-11-16 12:00:00,2
177,2011-11-01 11:00:00,2011-11-01 12:00:00,2
75,2011-04-02 00:00:00,2011-04-02 00:00:00,1
73,2011-04-01 00:00:00,2011-04-01 00:00:00,1
63,2011-03-24 00:00:00,2011-03-24 00:00:00,1
87,2011-04-11 00:00:00,2011-04-11 00:00:00,1
85,2011-04-10 00:00:00,2011-04-10 00:00:00,1
97,2011-04-17 00:00:00,2011-04-17 00:00:00,1
57,2011-03-08 00:00:00,2011-03-08 00:00:00,1
59,2011-03-09 00:00:00,2011-03-09 00:00:00,1
9,2010-03-22 23:00:00,2010-03-22 23:00:00,1
5,2010-02-14 02:00:00,2010-02-14 02:00:00,1
23,2010-06-01 16:00:00,2010-06-01 16:00:00,1
115,2011-04-24 00:00:00,2011-04-24 00:00:00,1
131,2011-06-01 19:00:00,2011-06-01 19:00:00,1
129,2011-05-31 20:00:00,2011-05-31 20:00:00,1
99,2011-04-18 00:00:00,2011-04-18 00:00:00,1
107,2011-04-22 12:00:00,2011-04-22 12:00:00,1
169,2011-10-25 16:00:00,2011-10-25 16:00:00,1
167,2011-10-24 19:00:00,2011-10-24 19:00:00,1
165,2011-10-12 16:00:00,2011-10-12 16:00:00,1
161,2011-09-26 12:00:00,2011-09-26 12:00:00,1
159,2011-08-29 15:00:00,2011-08-29 15:00:00,1
145,2011-08-09 00:00:00,2011-08-09 00:00:00,1
125,2011-05-25 19:00:00,2011-05-25 19:00:00,1
139,2011-08-04 21:00:00,2011-08-04 21:00:00,1
123,2011-05-07 10:00:00,2011-05-07 10:00:00,1
117,2011-04-25 00:00:00,2011-04-25 00:00:00,1
113,2011-04-23 16:00:00,2011-04-23 16:00:00,1
229,2012-07-02 16:00:00,2012-07-02 16:00:00,1
223,2012-06-29 01:00:00,2012-06-29 01:00:00,1
225,2012-07-01 14:00:00,2012-07-01 14:00:00,1
221,2012-06-24 02:00:00,2012-06-24 02:00:00,1
227,2012-07-01 19:00:00,2012-07-01 19:00:00,1
233,2012-07-04 17:00:00,2012-07-04 17:00:00,1
231,2012-07-03 07:00:00,2012-07-03 07:00:00,1
193,2012-03-07 14:00:00,2012-03-07 14:00:00,1
207,2012-05-28 08:00:00,2012-05-28 08:00:00,1
213,2012-06-19 12:00:00,2012-06-19 12:00:00,1
215,2012-06-20 06:00:00,2012-06-20 06:00:00,1
217,2012-06-21 15:00:00,2012-06-21 15:00:00,1
209,2012-05-28 21:00:00,2012-05-28 21:00:00,1
197,2012-04-27 15:00:00,2012-04-27 15:00:00,1
199,2012-05-04 17:00:00,2012-05-04 17:00:00,1
181,2011-11-30 11:00:00,2011-11-30 11:00:00,1
191,2012-03-03 14:00:00,2012-03-03 14:00:00,1
195,2012-03-14 16:00:00,2012-03-14 16:00:00,1
183,2011-12-21 12:00:00,2011-12-21 12:00:00,1
189,2012-03-03 10:00:00,2012-03-03 10:00:00,1
175,2011-10-28 00:00:00,2011-10-28 00:00:00,1
299,2013-02-14 11:00:00,2013-02-14 11:00:00,1
297,2013-01-29 05:00:00,2013-01-29 05:00:00,1
295,2013-01-16 02:00:00,2013-01-16 02:00:00,1
293,2013-01-15 15:00:00,2013-01-15 15:00:00,1
291,2013-01-13 14:00:00,2013-01-13 14:00:00,1
289,2013-01-12 09:00:00,2013-01-12 09:00:00,1
285,2012-12-21 08:00:00,2012-12-21 08:00:00,1
283,2012-12-20 07:00:00,2012-12-20 07:00:00,1
271,2012-10-16 12:00:00,2012-10-16 12:00:00,1
281,2012-12-09 06:00:00,2012-12-09 06:00:00,1
273,2012-10-20 16:00:00,2012-10-20 16:00:00,1
275,2012-10-30 11:00:00,2012-10-30 11:00:00,1
269,2012-10-03 03:00:00,2012-10-03 03:00:00,1
261,2012-09-14 22:00:00,2012-09-14 22:00:00,1
263,2012-09-16 05:00:00,2012-09-16 05:00:00,1
265,2012-09-26 04:00:00,2012-09-26 04:00:00,1
239,2012-07-18 01:00:00,2012-07-18 01:00:00,1
237,2012-07-17 15:00:00,2012-07-17 15:00:00,1
243,2012-07-28 02:00:00,2012-07-28 02:00:00,1
257,2012-08-17 15:00:00,2012-08-17 15:00:00,1
253,2012-08-14 00:00:00,2012-08-14 00:00:00,1
241,2012-07-27 00:00:00,2012-07-27 00:00:00,1
247,2012-07-31 21:00:00,2012-07-31 21:00:00,1
249,2012-08-03 16:00:00,2012-08-03 16:00:00,1
219,2012-06-22 00:00:00,2012-06-22 00:00:00,1
331,2013-08-19 00:00:00,2013-08-19 00:00:00,1
319,2013-04-16 17:00:00,2013-04-16 17:00:00,1
327,2013-07-17 14:00:00,2013-07-17 14:00:00,1
309,2013-03-25 12:00:00,2013-03-25 12:00:00,1
303,2013-03-06 19:00:00,2013-03-06 19:00:00,1
305,2013-03-14 12:00:00,2013-03-14 12:00:00,1
301,2013-03-04 11:00:00,2013-03-04 11:00:00,1
363,2014-02-18 17:00:00,2014-02-18 17:00:00,1
349,2013-11-19 16:00:00,2013-11-19 16:00:00,1
351,2013-11-23 02:00:00,2013-11-23 02:00:00,1
355,2013-12-28 20:00:00,2013-12-28 20:00:00,1
333,2013-08-21 00:00:00,2013-08-21 00:00:00,1
335,2013-08-22 05:00:00,2013-08-22 05:00:00,1
343,2013-09-26 14:00:00,2013-09-26 14:00:00,1
307,2013-03-16 07:00:00,2013-03-16 07:00:00,1
315,2013-04-15 17:00:00,2013-04-15 17:00:00,1
313,2013-04-11 10:00:00,2013-04-11 10:00:00,1
311,2013-04-02 08:00:00,2013-04-02 08:00:00,1
317,2013-04-16 11:00:00,2013-04-16 11:00:00,1
323,2013-05-28 13:00:00,2013-05-28 13:00:00,1
379,2014-06-06 00:00:00,2014-06-06 00:00:00,1
365,2014-02-20 11:00:00,2014-02-20 11:00:00,1
367,2014-02-23 02:00:00,2014-02-23 02:00:00,1
389,2014-06-18 14:00:00,2014-06-18 14:00:00,1
381,2014-06-07 00:00:00,2014-06-07 00:00:00,1
383,2014-06-08 00:00:00,2014-06-08 00:00:00,1
385,2014-06-09 00:00:00,2014-06-09 00:00:00,1
371,2014-04-10 15:00:00,2014-04-10 15:00:00,1
369,2014-03-21 16:00:00,2014-03-21 16:00:00,1
377,2014-06-05 00:00:00,2014-06-05 00:00:00,1
401,2014-09-16 07:00:00,2014-09-16 07:00:00,1
411,2014-10-20 16:00:00,2014-10-20 16:00:00,1
409,2014-09-23 19:00:00,2014-09-23 19:00:00,1
407,2014-09-23 16:00:00,2014-09-23 16:00:00,1
405,2014-09-19 19:00:00,2014-09-19 19:00:00,1
403,2014-09-16 20:00:00,2014-09-16 20:00:00,1
415,2014-11-13 17:00:00,2014-11-13 17:00:00,1
413,2014-11-06 10:00:00,2014-11-06 10:00:00,1
421,2014-12-08 16:00:00,2014-12-08 16:00:00,1
